maturity,strike,price
0.05,70,30.174781432177795
0.05,72,28.179775187382916
0.05,74,26.184768942591035
0.05,76,24.189762697970522
0.05,78,22.19475645965045
0.05,80,20.199750375305342
0.05,82,18.204746862697874
0.05,84,16.209773453182606
0.05,86,14.215052709646471
0.05,88,12.221884776736132
0.05,90,10.235839642878304
0.05,92,8.274614048425562
0.05,94,6.380161230396467
0.05,96,4.626503289319942
0.05,98,3.1087838621368604
0.05,100,1.9093749374877333
0.05,102,1.0598898652706978
0.05,104,0.5273964542101091
0.05,106,0.2340348645953263
0.05,108,0.0923836112445997
0.05,110,0.03242586894262334
0.05,112,0.010131148567666837
0.05,114,0.0028240084675035804
0.05,116,0.000704388369327659
0.05,118,0.00015776459337458852
0.05,120,3.184930125294579e-05
0.05,122,5.818272660846149e-06
0.05,124,9.656702547657938e-07
0.05,126,1.461965154648692e-07
0.05,128,2.0268725839132237e-08
0.05,130,2.58324744179072e-09
0.07435897435897436,70,30.259773199312505
0.07435897435897436,72,28.267195291111648
0.07435897435897436,74,26.27461739113697
0.07435897435897436,76,24.282039621006362
0.07435897435897436,78,22.289463370940254
0.07435897435897436,80,20.29690059016164
0.07435897435897436,82,18.304429836139704
0.07435897435897436,84,16.312452169102116
0.07435897435897436,86,14.3225788276647
0.07435897435897436,88,12.339961142971163
0.07435897435897436,90,10.37782307752208
0.07435897435897436,92,8.463583107658337
0.07435897435897436,94,6.643216469870879
0.07435897435897436,96,4.978630930975811
0.07435897435897436,98,3.535066863976539
0.07435897435897436,100,2.362027427520985
0.07435897435897436,102,1.4770392592464106
0.07435897435897436,104,0.8609671160156225
0.07435897435897436,106,0.4666208217494692
0.07435897435897436,108,0.23484110180545947
0.07435897435897436,110,0.10972934020710845
0.07435897435897436,112,0.04762935203492713
0.07435897435897436,114,0.01922933858275866
0.07435897435897436,116,0.007233062226352338
0.07435897435897436,118,0.0025398919055083236
0.07435897435897436,120,0.0008344510982147835
0.07435897435897436,122,0.00025709398856240545
0.07435897435897436,124,7.446119855880184e-05
0.07435897435897436,126,2.0321993914431237e-05
0.07435897435897436,128,5.238984360820252e-06
0.07435897435897436,130,1.2788027990689451e-06
0.09871794871794873,70,30.344661517567502
0.09871794871794873,72,28.35450903828074
0.09871794871794873,74,26.364357030673062
0.09871794871794873,76,24.374208864885816
0.09871794871794873,78,22.384085619744496
0.09871794871794873,80,20.394093117835837
0.09871794871794873,82,18.404663276346838
0.09871794871794873,84,16.417245572226307
0.09871794871794873,86,14.435878660146557
0.09871794871794873,88,12.469980642522017
0.09871794871794873,90,10.538043515599583
0.09871794871794873,92,8.670734153967274
0.09871794871794873,94,6.91095384469709
0.09871794871794873,96,5.308851891324977
0.09871794871794873,98,3.912046717208206
0.09871794871794873,100,2.7542169771598637
0.09871794871794873,102,1.8466955592349876
0.09871794871794873,104,1.1765016327404112
0.09871794871794873,106,0.7111393241826356
0.09871794871794873,108,0.4075430403389415
0.09871794871794873,110,0.22141937189387306
0.09871794871794873,112,0.11409576889806772
0.09871794871794873,114,0.05580795481396983
0.09871794871794873,116,0.025940945053407827
0.09871794871794873,118,0.011474218805986536
0.09871794871794873,120,0.0048367982307263024
0.09871794871794873,122,0.0019461792175023557
0.09871794871794873,124,0.0007487127335164337
0.09871794871794873,126,0.00027585708341204204
0.09871794871794873,128,9.750342173851356e-05
0.09871794871794873,130,3.311663914566795e-05
0.12307692307692308,70,30.42944662488931
0.12307692307692308,72,28.441717465642924
0.12307692307692308,74,26.4539937946211
0.12307692307692308,76,24.466299936445395
0.12307692307692308,78,22.478740785275804
0.12307692307692308,80,20.491694300034766
0.12307692307692308,82,18.50631013935822
0.12307692307692308,84,16.525566861619055
0.12307692307692308,86,14.556087381808965
0.12307692307692308,88,12.610586933304006
0.12307692307692308,90,10.710230881731732
0.12307692307692308,92,8.885609186042089
0.12307692307692308,94,7.1749978182322565
0.12307692307692308,96,5.619403447552941
0.12307692307692308,98,4.255330054856266
0.12307692307692308,100,3.1074725004256862
0.12307692307692308,102,2.1838250214993877
0.12307692307692308,104,1.4747757084402338
0.12307692307692308,106,0.956169066200296
0.12307692307692308,108,0.5949255434461023
0.12307692307692308,110,0.3552319137911226
0.12307692307692308,112,0.203627061409132
0.12307692307692308,114,0.11212573802176395
0.12307692307692308,116,0.0593588454570777
0.12307692307692308,118,0.03024184547493136
0.12307692307692308,120,0.014844146321654761
0.12307692307692308,122,0.007028147538888696
0.12307692307692308,124,0.0032136644920760238
0.12307692307692308,126,0.0014209551995286313
0.12307692307692308,128,0.0006083167880000032
0.12307692307692308,130,0.0002524617134595092
0.14743589743589744,70,30.514129620717824
0.14743589743589744,72,28.528825964362156
0.14743589743589744,74,26.54355064767529
0.14743589743589744,76,24.558392388784483
0.14743589743589744,78,22.573648323299494
0.14743589743589744,80,20.590173066147287
0.14743589743589744,82,18.610095484283775
0.14743589743589744,84,16.63804234708026
0.14743589743589744,86,14.682840633073056
0.14743589743589744,88,12.759342337335696
0.14743589743589744,90,10.889649777846955
0.14743589743589744,92,9.102861888813422
0.14743589743589744,94,7.432734438908696
0.14743589743589744,96,5.913350637862308
0.14743589743589744,98,4.573741792464126
0.14743589743589744,100,3.432944006737813
0.14743589743589744,102,2.4969205820985465
0.14743589743589744,104,1.7581417415855611
0.14743589743589744,106,1.1977153565339158
0.14743589743589744,108,0.7892166064736585
0.14743589743589744,110,0.5030429116886488
0.14743589743589744,112,0.31025021252287743
0.14743589743589744,114,0.18524086420389807
0.14743589743589744,116,0.10714376491801003
0.14743589743589744,118,0.0600816599472731
0.14743589743589744,120,0.03269183061023084
0.14743589743589744,122,0.017276772218704828
0.14743589743589744,124,0.008876317515414456
0.14743589743589744,126,0.00443792850435995
0.14743589743589744,128,0.0021614197861638262
0.14743589743589744,130,0.0010264611005463761
0.1717948717948718,70,30.598714547550372
0.1717948717948718,72,28.61585008627931
0.1717948717948718,74,26.633077119476482
0.1717948717948718,76,24.650614270613005
0.1717948717948718,78,22.66907123502196
0.1717948717948718,80,20.6899375009489
0.1717948717948718,82,18.716423830351886
0.1717948717948718,84,16.754675024968392
0.1717948717948718,86,14.815184595717994
0.1717948717948718,88,12.914001417333893
0.1717948717948718,90,11.0731503599023
0.1717948717948718,92,9.319736327771963
0.1717948717948718,94,7.683525378641633
0.1717948717948718,96,6.193307592019806
0.1717948717948718,98,4.872827689669684
0.1717948717948718,100,3.7372934154955004
0.1717948717948718,102,2.7913291871640524
0.1717948717948718,104,2.028800219433613
0.1717948717948718,106,1.4343860028725963
0.1717948717948718,108,0.9863461840323566
0.1717948717948718,110,0.6597287859683156
0.1717948717948718,112,0.4293311128070858
0.1717948717948718,114,0.27195363652276683
0.1717948717948718,116,0.16776846157114012
0.1717948717948718,118,0.10085943027294819
0.1717948717948718,120,0.059131818795274294
0.1717948717948718,122,0.03383401937584507
0.1717948717948718,124,0.018908487399578844
0.1717948717948718,126,0.010329572026711475
0.1717948717948718,128,0.005520588203789617
0.1717948717948718,130,0.002888823070333668
0.19615384615384618,70,30.683211151956485
0.19615384615384618,72,28.702819428847462
0.19615384615384618,74,26.722647484392326
0.19615384615384618,76,24.743117036511165
0.19615384615384618,78,22.765251709976482
0.19615384615384618,80,20.79126119748821
0.19615384615384618,82,18.82541436626225
0.19615384615384618,84,16.875130739419347
0.19615384615384618,86,14.952060853964369
0.19615384615384618,88,13.072780898756292
0.19615384615384618,90,11.258685857238305
0.19615384615384618,92,9.534793574509422
0.19615384615384618,94,7.927460077442134
0.19615384615384618,96,6.46135742046863
0.19615384615384618,98,5.156337017029635
0.19615384615384618,100,4.02487793254366
0.19615384615384618,102,3.0706697439964117
0.19615384615384618,104,2.2885677462914984
0.19615384615384618,106,1.6658065679192475
0.19615384615384618,108,1.184086376423437
0.19615384615384618,110,0.8220233792477138
0.19615384615384618,112,0.5574870490711774
0.19615384615384618,114,0.36948377619579453
0.19615384615384618,116,0.23942405822762947
0.19615384615384618,118,0.1517700958429815
0.19615384615384618,120,0.09416924508426527
0.19615384615384618,122,0.0572284964840124
0.19615384615384618,124,0.03408659650445656
0.19615384615384618,126,0.019912134531209547
0.19615384615384618,128,0.011415975965527736
0.19615384615384618,130,0.006427881094390242
0.2205128205128205,70,30.76763668475411
0.2205128205128205,72,28.7897769409348
0.2205128205128205,74,26.812350295845746
0.2205128205128205,76,24.836048207451796
0.2205128205128205,78,22.862375834847626
0.2205128205128205,80,20.894281893493925
0.2205128205128205,82,18.936993959334814
0.2205128205128205,84,16.998937016187554
0.2205128205128205,86,15.092498368583108
0.2205128205128205,88,13.23433203211765
0.2205128205128205,90,11.44492435496737
0.2205128205128205,92,9.74728956036472
0.2205128205128205,94,8.16489472538538
0.2205128205128205,96,6.719149067970562
0.2205128205128205,98,5.4269431458913004
0.2205128205128205,100,4.298732295420685
0.2205128205128205,102,3.337524601837984
0.2205128205128205,104,2.5389091401052966
0.2205128205128205,106,1.892023463605863
0.2205128205128205,108,1.3811809686602246
0.2205128205128205,110,0.9877976615202471
0.2205128205128205,112,0.6922747410475498
0.2205128205128205,114,0.4755803015708846
0.2205128205128205,116,0.32039051896216186
0.2205128205128205,118,0.21176188553478958
0.2205128205128205,120,0.13738842742270885
0.2205128205128205,122,0.08754333822420701
0.2205128205128205,124,0.054816706494747125
0.2205128205128205,126,0.033749867378764176
0.2205128205128205,128,0.020443531807011084
0.2205128205128205,130,0.012190469637579526
0.2448717948717949,70,30.852015843938588
0.2448717948717949,72,28.876774668290267
0.2448717948717949,74,26.902276245688185
0.2448717948717949,76,24.929533244053047
0.2448717948717949,78,22.960564858611974
0.2448717948717949,80,20.99902947472637
0.2448717948717949,82,19.050979270899177
0.2448717948717949,84,17.125592880384076
0.2448717948717949,86,15.235669798887415
0.2448717948717949,88,13.397651244241459
0.2448717948717949,90,11.630993741057196
0.2448717948717949,92,9.956860054464372
0.2448717948717949,94,8.396268732524604
0.2448717948717949,96,6.967999342861432
0.2448717948717949,98,5.6866310397620055
0.2448717948717949,100,4.561070538797644
0.2448717948717949,102,3.5938121597665784
0.2448717948717949,104,2.781007449751378
0.2448717948717949,106,2.113256678294004
0.2448717948717949,108,1.576912737934137
0.2448717948717949,110,1.1556323829406274
0.2448717948717949,112,0.8319197176855244
0.2448717948717949,114,0.588464568537324
0.2448717948717949,116,0.4091586378744694
0.2448717948717949,118,0.27975174141735515
0.2448717948717949,120,0.18817301983729706
0.2448717948717949,122,0.12458087798739692
0.2448717948717949,124,0.0812211815002768
0.2448717948717949,126,0.05217119341682608
0.2448717948717949,128,0.03303376939636382
0.2448717948717949,130,0.02062881500067959
0.2692307692307692,70,30.936379139241538
0.2692307692307692,72,28.96386829410409
0.2692307692307692,74,26.99250869170912
0.2692307692307692,76,25.02366755358196
0.2692307692307692,78,23.059881137822003
0.2692307692307692,80,21.10545849471282
0.2692307692307692,82,19.16713386422707
0.2692307692307692,84,17.254622150792656
0.2692307692307692,86,15.380893414580228
0.2692307692307692,88,13.561994713403209
0.2692307692307692,90,11.816320687787993
0.2692307692307692,92,10.163354058942431
0.2692307692307692,94,8.622029126015349
0.2692307692307692,96,7.208973405845981
0.2692307692307692,98,5.936922151979303
0.2692307692307692,100,4.813566677201791
0.2692307692307692,102,3.8410034280666068
0.2692307692307692,104,3.0158269108318976
0.2692307692307692,106,2.329790802369203
0.2692307692307692,108,1.7708757168653868
0.2692307692307692,110,1.3245628831925451
0.2692307692307692,112,0.9751193132488893
0.2692307692307692,114,0.7067399719623442
0.2692307692307692,116,0.5044493351686743
0.2692307692307692,118,0.35472278233855725
0.2692307692307692,120,0.24583624445868768
0.2692307692307692,122,0.1679848272015878
0.2692307692307692,124,0.11322718560687361
0.2692307692307692,126,0.07531502373584775
0.2692307692307692,128,0.04946053996934907
0.2692307692307692,130,0.0320833009541317
0.2935897435897436,70,31.020760477921655
0.2935897435897436,72,29.051112236094255
0.2935897435897436,74,27.083117996208728
0.2935897435897436,76,25.118515590147183
0.2935897435897436,78,23.160339642235712
0.2935897435897436,80,21.21347571546133
0.2935897435897436,82,19.285203809291687
0.2935897435897436,84,17.38559562084565
0.2935897435897436,86,15.52761622846127
0.2935897435897436,88,13.726810667891826
0.2935897435897436,90,12.000528928522357
0.2935897435897436,92,10.366742151604342
0.2935897435897436,94,8.84259991955905
0.2935897435897436,96,7.442944423444423
0.2935897435897436,98,6.179012958619786
0.2935897435897436,100,5.057522848845117
0.2935897435897436,102,4.080255560334223
0.2935897435897436,104,3.244162242502483
0.2935897435897436,106,2.5419254140842042
0.2935897435897436,108,1.9628493183043858
0.2935897435897436,110,1.4939231519881204
0.2935897435897436,112,1.1209056661273848
0.2935897435897436,114,0.829308225495403
0.2935897435897436,116,0.6051948754692589
0.2935897435897436,118,0.4357613486820977
0.2935897435897436,120,0.3096921326164024
0.2935897435897436,122,0.2173213005573711
0.2935897435897436,124,0.15063778063054878
0.2935897435897436,126,0.10318053467473831
0.2935897435897436,128,0.06986645419630277
0.2935897435897436,130,0.046786655854030856
0.31794871794871793,70,31.105194695723455
0.31794871794871793,72,29.138556072951573
0.31794871794871793,74,27.17415913765295
0.31794871794871793,76,25.21411383317667
0.31794871794871793,78,23.261920077320724
0.31794871794871793,80,21.32296064241794
0.31794871794871793,82,19.404938289329706
0.31794871794871793,84,17.51813733350926
0.31794871794871793,86,15.675392864689869
0.31794871794871793,88,13.891688890191531
0.31794871794871793,90,12.183374130253725
0.31794871794871793,92,10.567064372870746
0.31794871794871793,94,9.058371048778
0.31794871794871793,96,7.670637282808691
0.31794871794871793,98,6.4138644600490196
0.31794871794871793,100,5.293975598583231
0.31794871794871793,102,4.312498189640316
0.31794871794871793,104,3.46667587830283
0.31794871794871793,106,2.7499524941814713
0.31794871794871793,108,2.152725864154924
0.31794871794871793,110,1.6632479819805184
0.31794871794871793,112,1.268551216434311
0.31794871794871793,114,0.9553013249018552
0.31794871794871793,116,0.7105090163448651
0.31794871794871793,118,0.522064864889062
0.31794871794871793,120,0.3790915544498512
0.31794871794871793,122,0.2721292740720971
0.31794871794871793,124,0.19318349241014054
0.31794871794871793,126,0.13567000855360822
0.31794871794871793,128,0.09429182901897448
0.31794871794871793,130,0.06487813458404235
0.3423076923076923,70,31.18971546790297
0.3423076923076923,72,29.22624238504889
0.3423076923076923,74,27.26567158037139
0.3423076923076923,76,25.310475375525826
0.3423076923076923,78,23.364577508516632
0.3423076923076923,80,21.43377979784816
0.3423076923076923,82,19.526100628282066
0.3423076923076923,84,17.65192325490274
0.3423076923076923,86,15.823865603711837
0.3423076923076923,88,14.056323830526807
0.3423076923076923,90,12.364701479211092
0.3423076923076923,92,10.764399812199244
0.3423076923076923,94,9.269695960997822
0.3423076923076923,96,7.8926607952856
0.3423076923076923,98,6.642262309017333
0.3423076923076923,100,5.523766031570375
0.3423076923076923,102,4.538491464427324
0.3423076923076923,104,3.683925918120032
0.3423076923076923,106,2.9541466531135967
0.3423076923076923,108,2.340467431743349
0.3423076923076923,110,1.8322099683290176
0.3423076923076923,112,1.4175031473520505
0.3423076923076923,114,1.0840288343148536
0.3423076923076923,116,0.8196567524002472
0.3423076923076923,118,0.6129365329183383
0.3423076923076923,120,0.45343821934512896
0.3423076923076923,122,0.33195049313854685
0.3423076923076923,124,0.24055765907032445
0.3423076923076923,126,0.172622259777099
0.3423076923076923,128,0.1227011855438982
0.3423076923076923,130,0.08642075617342226
0.36666666666666664,70,31.27435377042019
0.36666666666666664,72,29.314205770317784
0.36666666666666664,74,27.3576804717499
0.36666666666666664,76,25.407594795647285
0.36666666666666664,78,23.468250874019134
0.36666666666666664,80,21.545796166155696
0.36666666666666664,82,19.64847349542471
0.36666666666666664,84,17.786676682169258
0.36666666666666664,86,15.972747291776443
0.36666666666666664,88,14.220487787426904
0.36666666666666664,90,12.544417573752355
0.36666666666666664,92,10.958848511076155
0.36666666666666664,94,9.476892961253355
0.36666666666666664,96,8.109531686088069
0.36666666666666664,98,6.8648585442997145
0.36666666666666664,100,5.747587802271525
0.36666666666666664,102,4.758866349094902
0.36666666666666664,104,3.896387222913752
0.36666666666666664,106,3.154761569351507
0.36666666666666664,108,2.5260794391598687
0.36666666666666664,110,2.000577967673941
0.36666666666666664,112,1.5673373985119703
0.36666666666666664,114,1.2149377603373779
0.36666666666666664,116,0.9320274054162603
0.36666666666666664,118,0.7077748144983449
0.36666666666666664,120,0.5321936875676219
0.36666666666666664,122,0.3963462256389825
0.36666666666666664,124,0.292439737939465
0.36666666666666664,126,0.2138373395039297
0.36666666666666664,128,0.1550052430246116
0.36666666666666664,130,0.11141801725298484
0.391025641025641,70,31.35913689196363
0.391025641025641,72,29.40247270841921
0.391025641025641,74,27.45019848519466
0.391025641025641,76,25.505452649066655
0.391025641025641,78,23.572869450992997
0.391025641025641,80,21.658875170392577
0.391025641025641,82,19.771860701856014
0.391025641025641,84,17.922162571066792
0.391025641025641,86,16.121807322707127
0.391025641025641,88,14.38401135654901
0.391025641025641,90,12.722471490400935
0.391025641025641,92,11.150520559235474
0.391025641025641,94,9.68024805519633
0.391025641025641,96,8.321692700154216
0.391025641025641,98,7.082201368726004
0.391025641025641,100,5.966020940287962
0.391025641025641,102,4.97415339064964
0.391025641025641,104,4.104467486563436
0.391025641025641,106,3.3520294445648986
0.391025641025641,108,2.7095941126503895
0.391025641025641,110,2.168189111987946
0.391025641025641,112,1.7177259856684373
0.391025641025641,114,1.3475821458466832
0.391025641025641,116,1.0471119699364522
0.391025641025641,118,0.8060615357219003
0.391025641025641,120,0.6148766035110249
0.391025641025641,122,0.4649058421621852
0.391025641025641,124,0.34851014830287586
0.391025641025641,126,0.25909416388672657
0.391025641025641,128,0.19107820889839378
0.391025641025641,130,0.13982853958338382
0.41538461538461535,70,31.44408791433999
0.41538461538461535,72,29.491061972582088
0.41538461538461535,74,27.543227869002507
0.41538461538461535,76,25.604019310965654
0.41538461538461535,78,23.678357588223562
0.41538461538461535,80,21.772888256247157
0.41538461538461535,82,19.896087082474764
0.41538461538461535,84,18.058181836114258
0.41538461538461535,86,16.270860372822213
0.41538461538461535,88,14.546769091919074
0.41538461538461535,90,12.898841838018768
0.41538461538461535,92,11.339529492573163
0.41538461538461535,94,9.88001823826636
0.41538461538461535,96,8.529526450639999
0.41538461538461535,98,7.294756906591388
0.41538461538461535,100,6.17955630955143
0.41538461538461535,102,5.184803743913186
0.41538461538461535,104,4.308519616822764
0.41538461538461535,106,3.5461618844310223
0.41538461538461535,108,2.891059956501742
0.41538461538461535,110,2.3349295885855774
0.41538461538461535,112,1.868413463155889
0.41538461538461535,114,1.4815999869758478
0.41538461538461535,116,1.1644845265773576
0.41538461538461535,118,0.9073503684519544
0.41538461538461535,120,0.7010590947688389
0.41538461538461535,122,0.5372504400667495
0.41538461538461535,124,0.4084593476542091
0.41538461538461535,126,0.3081627568534504
0.41538461538461535,128,0.23077091141453465
0.41538461538461535,130,0.1715782058838804
0.43974358974358974,70,31.52922555219807
0.43974358974358974,72,29.57998535391225
0.43974358974358974,74,27.636762445089644
0.43974358974358974,76,25.703258115432916
0.43974358974358974,78,23.78463806648932
0.43974358974358974,80,21.887714871387104
0.43974358974358974,82,20.020997365330572
0.43974358974358974,84,18.19456609053887
0.43974358974358974,86,16.419757432490016
0.43974358974358974,88,14.708668910520146
0.43974358974358974,90,13.073527788895575
0.43974358974358974,92,11.52598831329945
0.43974358974358974,94,10.076434751334176
0.43974358974358974,96,8.733366148530038
0.43974358974358974,98,7.502925431441511
0.43974358974358974,100,6.388613688311409
0.43974358974358974,102,5.391204857444684
0.43974358974358974,104,4.508851381740499
0.43974358974358974,106,3.737351398632306
0.43974358974358974,108,3.070534958381387
0.43974358974358974,110,2.500721212743514
0.43974358974358974,112,2.019199748268253
0.43974358974358974,114,1.616695621578593
0.43974358974358974,116,1.2837871747554601
0.43974358974358974,118,1.0112564091848188
0.43974358974358974,120,0.7903619707011416
0.43974358974358974,122,0.6130335419598456
0.43974358974358974,124,0.471993060620747
0.43974358974358974,126,0.3608125390380099
0.43974358974358974,128,0.2739205327035785
0.43974358974358974,130,0.20656986673759326
0.4641025641025641,70,31.614564246803113
0.4641025641025641,72,29.66924853115212
0.4641025641025641,74,27.730789425485682
0.4641025641025641,76,25.803127839804247
0.4641025641025641,78,23.891634414994087
0.4641025641025641,80,22.00324339354144
0.4641025641025641,82,20.146454562062644
0.4641025641025641,84,18.33117299693238
0.4641025641025641,86,16.56837869007117
0.4641025641025641,88,14.869644199700119
0.4641025641025641,90,13.246542793704279
0.4641025641025641,92,11.710007132408009
0.4641025641025641,94,10.269706097612868
0.4641025641025641,96,8.933504017539121
0.4641025641025641,98,7.707053689891993
0.4641025641025641,100,6.593555392629547
0.4641025641025641,102,5.593692388605469
0.4641025641025641,104,4.705733009128345
0.4641025641025641,106,3.925773109927775
0.4641025641025641,108,3.2480821676136102
0.4641025641025641,110,2.665511903530575
0.4641025641025641,112,2.169927431382156
0.4641025641025641,114,1.7526262035629863
0.4641025641025641,116,1.4047178765706967
0.4641025641025641,118,1.117447073182813
0.4641025641025641,120,0.8824496048616481
0.4641025641025641,122,0.691940132281518
0.4641025641025641,124,0.5388349847152529
0.4641025641025641,126,0.41681777838882805
0.4641025641025641,128,0.3203576790681417
0.4641025641025641,130,0.24469091873094584
0.48846153846153845,70,31.700114425292384
0.48846153846153845,72,29.758851975813073
0.48846153846153845,74,27.825290991676994
0.48846153846153845,76,25.903584623470948
0.48846153846153845,78,23.99927245409674
0.48846153846153845,80,22.11937138656434
0.48846153846153845,82,20.27233818810464
0.48846153846153845,84,18.4678822547027
0.48846153846153845,86,16.716627885572024
0.48846153846153845,88,15.029647890398593
0.48846153846153845,90,13.417910134461195
0.48846153846153845,92,11.891691826362091
0.48846153846153845,94,10.460020748222874
0.48846153846153845,96,9.13019796897433
0.48846153846153845,98,7.907444411025573
0.48846153846153845,100,6.794696716596576
0.48846153846153845,102,5.792559399375456
0.48846153846153845,104,4.89940323685628
0.48846153846153845,106,4.111586466917807
0.48846153846153845,108,3.42376680717085
0.48846153846153845,110,2.829268836602438
0.48846153846153845,112,2.3204722905300663
0.48846153846153845,114,1.8891912391990076
0.48846153846153845,116,1.5270206563717323
0.48846153846153845,118,1.2256342874910366
0.48846153846153845,120,0.9770249605887287
0.48846153846153845,122,0.7736848092128525
0.48846153846153845,124,0.6087278705478152
0.48846153846153845,126,0.47596103512385834
0.48846153846153845,128,0.3699114197682327
0.48846153846153845,130,0.2858191131355525
0.5128205128205129,70,31.785882856813956
0.5128205128205129,72,29.84879182528981
0.5128205128205129,74,27.920245626670237
0.5128205128205129,76,26.00458341942131
0.5128205128205129,78,24.107481275490528
0.5128205128205129,80,22.236005440117665
0.5128205128205129,82,20.3985424853892
0.5128205128205129,84,18.6045921842113
0.5128205128205129,86,16.864427821653848
0.5128205128205129,88,15.188647971843494
0.5128205128205129,90,13.58765975306251
0.5128205128205129,92,12.071143331481395
0.5128205128205129,94,10.647549526779585
0.5128205128205129,96,9.3236769523835
0.5128205128205129,98,8.104363748929174
0.5128205128205129,100,6.992314053709038
0.5128205128205129,102,5.9880635547043894
0.5128205128205129,104,5.090074177763817
0.5128205128205129,106,4.2949368623920705
0.5128205128205129,108,3.5976543912781764
0.5128205128205129,110,2.991973462516487
0.5128205128205129,112,2.470736124071987
0.5128205128205129,114,2.026224431141152
0.5128205128205129,116,1.6504776865150674
0.5128205128205129,118,1.3355678670469722
0.5128205128205129,120,1.073824980159591
0.5128205128205129,122,0.8580095235844407
0.5128205128205129,124,0.6814335781422063
0.5128205128205129,126,0.5380352075079387
0.5128205128205129,128,0.4224128026988456
0.5128205128205129,130,0.3298269400144225
0.5371794871794872,70,31.87187305551892
0.5371794871794872,72,29.939060686449963
0.5371794871794872,74,28.01562921355658
0.5371794871794872,76,26.106079070552582
0.5371794871794872,78,24.216193819829684
0.5371794871794872,80,22.353060763044397
0.5371794871794872,82,20.524974739031947
0.5371794871794872,84,18.74121684145649
0.5371794871794872,86,17.011716783728687
0.5371794871794872,88,15.346624072139292
0.5371794871794872,90,13.75582597571291
0.5371794871794872,92,12.248457339397845
0.5371794871794872,94,10.832447691788687
0.5371794871794872,96,9.514145286674655
0.5371794871794872,98,8.29804718208986
0.5371794871794872,100,7.1866512994072735
0.5371794871794872,102,6.180432829208854
0.5371794871794872,104,5.277935267841755
0.5371794871794872,106,4.475957115603286
0.5371794871794872,108,3.769809510026576
0.5371794871794872,110,3.153617843999971
0.5371794871794872,112,2.620641280391414
0.5371794871794872,114,2.163587273499033
0.5371794871794872,116,1.774902876925612
0.5371794871794872,118,1.4470299250836653
0.5371794871794872,120,1.1726164256107712
0.5371794871794872,122,0.9446811857065605
0.5371794871794872,124,0.7567325091436174
0.5371794871794872,126,0.6028446136212882
0.5371794871794872,128,0.4776972424050969
0.5371794871794872,130,0.3765848889319994
0.5615384615384615,70,31.95808569576566
0.5615384615384615,72,30.02964835204152
0.5615384615384615,74,28.111415925514535
0.5615384615384615,76,26.208027090584665
0.5615384615384615,78,24.3253471706811
0.5615384615384615,80,22.470460642152375
0.5615384615384615,82,20.65155373153624
0.5615384615384615,84,18.87768359107099
0.5615384615384615,86,17.158445674412235
0.5615384615384615,88,15.503564833608408
0.5615384615384615,90,13.922445873322971
0.5615384615384615,92,12.423724243071035
0.5615384615384615,94,11.014856746854733
0.5615384615384615,96,9.701786197692947
0.5615384615384615,98,8.48870424345327
0.5615384615384615,100,7.3779249595034955
0.5615384615384615,102,6.369870083330461
0.5615384615384615,104,5.4631564982138485
0.5615384615384615,106,4.654768806269786
0.5615384615384615,108,3.9402950603186113
0.5615384615384615,110,3.314201938006164
0.5615384615384615,112,2.770126443953078
0.5615384615384615,114,2.3011639852394516
0.5615384615384615,116,1.9001366627879435
0.5615384615384615,118,1.5598301674860835
0.5615384615384615,120,1.2731921879588874
0.5615384615384615,122,1.0334893025472844
0.5615384615384615,124,0.8344226783750006
0.5615384615384615,126,0.6702054183267343
0.5615384615384615,128,0.5356060816135555
0.5615384615384615,130,0.4259638363432918
0.5858974358974359,70,32.04451901680912
0.5858974358974359,72,30.120542424809074
0.5858974358974359,74,28.20757893593796
0.5858974358974359,76,26.310384215852466
0.5858974358974359,78,24.434882651940143
0.5858974358974359,80,22.58813583872211
0.5858974358974359,82,20.778208350311544
0.5858974358974359,84,19.013931068662387
0.5858974358974359,86,17.304575710521007
0.5858974358974359,88,15.659465885511324
0.5858974358974359,90,14.087558077636345
0.5858974358974359,92,12.597029236762836
0.5858974358974359,94,11.194906011497707
0.5858974358974359,96,9.886764731833345
0.5858974358974359,98,8.67652235245594
0.5858974358974359,100,7.566328270504741
0.5858974358974359,102,6.556556771118409
0.5858974358974359,104,5.645891082183226
0.5858974358974359,106,4.831483463054788
0.5858974358974359,108,4.1091717772745895
0.5858974358974359,110,3.473731562591553
0.5858974358974359,112,2.919143361304762
0.5858974358974359,114,2.4388574740770217
0.5858974358974359,116,2.026041748267943
0.5858974358974359,118,1.6738019329654676
0.5858974358974359,120,1.3753680448502585
0.5858974358974359,122,1.1242437345274894
0.5858974358974359,124,0.9143185966527998
0.5858974358974359,126,0.7399456235846955
0.5858974358974359,128,0.5959875526023115
0.5858974358974359,130,0.4778367611686356
0.6102564102564103,70,32.13116920304181
0.6102564102564103,72,30.21172885170411
0.6102564102564103,74,28.304090977075717
0.6102564102564103,76,26.41310878151475
0.6102564102564103,78,24.54474579193301
0.6102564102564103,80,22.706023968630888
0.6102564102564103,82,20.904876348724827
0.6102564102564103,84,19.149907470675473
0.6102564102564103,86,17.45007656448223
0.6102564102564103,88,15.814328269255256
0.6102564102564103,90,14.251201926630586
0.6102564102564103,92,12.768452507605716
0.6102564102564103,94,11.372713984198754
0.6102564102564103,96,10.069230174352846
0.6102564102564103,98,8.861669948963069
0.6102564102564103,100,7.7520345558324095
0.6102564102564103,102,6.740655972864815
0.6102564102564103,104,5.82627767261404
0.6102564102564103,106,5.006203616371671
0.6102564102564103,108,4.276497968495512
0.6102564102564103,110,3.6322168655266793
0.6102564102564103,112,3.0676542772284705
0.6102564102564103,114,2.576586099672962
0.6102564102564103,116,2.1524996152440465
0.6102564102564103,118,1.7887988580221297
0.6102564102564103,120,1.478979829515449
0.6102564102564103,122,1.2167726164533423
0.6102564102564103,124,0.9962500755341281
0.6102564102564103,126,0.8119047750995065
0.6102564102564103,128,0.6586973069588584
0.6102564102564103,130,0.5320799478691924
0.6346153846153847,70,32.21803073210161
0.6346153846153847,72,30.303192374702277
0.6346153846153847,74,28.40092477324893
0.6346153846153847,76,26.516160964643305
0.6346153846153847,78,24.654886199684356
0.6346153846153847,80,22.824068894389143
0.6346153846153847,82,21.031503252620098
0.6346153846153847,84,19.28556911823692
0.6346153846153847,86,17.594924858170117
0.6346153846153847,88,15.968157208845668
0.6346153846153847,90,14.41341684951206
0.6346153846153847,92,12.938069478404628
0.6346153846153847,94,11.54838952642828
0.6346153846153847,96,10.249318071019161
0.6346153846153847,98,9.044299078487207
0.6346153846153847,100,7.935199984292943
0.6346153846153847,102,6.9223148969879915
0.6346153846153847,104,6.004442218348977
0.6346153846153847,106,5.179023728245333
0.6346153846153847,108,4.442329385199898
0.6346153846153847,110,3.7896711640849503
0.6346153846153847,112,3.2156299123583594
0.6346153846153847,114,2.7142810612886805
0.6346153846153847,116,2.279407646419191
0.6346153846153847,118,1.9046920634132896
0.6346153846153847,120,1.5838809675914653
0.6346153846153847,122,1.3109204601380373
0.6346153846153847,124,1.0800610238440296
0.6346153846153847,126,0.8859334919297197
0.6346153846153847,128,0.7235986384472088
0.6346153846153847,130,0.5885738014089918
0.6589743589743591,70,32.30509668744553
0.6589743589743591,72,30.394916906702576
0.6589743589743591,74,28.49805337155867
0.6589743589743591,76,26.61950292744187
0.6589743589743591,78,24.765257385792395
0.6589743589743591,80,22.942220145750028
0.6589743589743591,82,21.158041400271202
0.6589743589743591,84,19.420879249536384
0.6589743589743591,86,17.739102937385297
0.6589743589743591,88,16.120961146561044
0.6589743589743591,90,14.574241927087257
0.6589743589743591,92,13.105951075602022
0.6589743589743591,94,11.722032892998854
0.6589743589743591,96,10.427151929458915
0.6589743589743591,98,9.224547541706116
0.6589743589743591,100,8.115965855975922
0.6589743589743591,102,7.101666960429753
0.6589743589743591,104,6.1804995285511595
0.6589743589743591,106,5.3500310126068555
0.6589743589743591,108,4.6067191852507605
0.6589743589743591,110,3.9461100618458786
0.6589743589743591,112,3.363047857188686
0.6589743589743591,114,2.8518842766871657
0.6589743589743591,116,2.4066767438685304
0.6589743589743591,118,2.0213677753223145
0.6589743589743591,120,1.689940337888963
0.6589743589743591,122,1.4065464404031083
0.6589743589743591,124,1.1656082787242195
0.6589743589743591,126,0.9618928928558397
0.6589743589743591,128,0.7905624908134712
0.6589743589743591,130,0.6472033703851814
0.6833333333333333,70,32.392359034817616
0.6833333333333333,72,30.48688584160155
0.6833333333333333,74,28.595450389665075
0.6833333333333333,76,26.72309888638499
0.6833333333333333,78,24.875816550847404
0.6833333333333333,80,23.06043237793166
0.6833333333333333,82,21.28444910227283
0.6833333333333333,84,19.55580700262783
0.6833333333333333,86,17.88259787077814
0.6833333333333333,88,16.272750983682542
0.6833333333333333,90,14.733715581115888
0.6833333333333333,92,13.272164005688765
0.6833333333333333,94,11.893736630682753
0.6833333333333333,96,10.602844659865447
0.6833333333333333,98,9.402540694781663
0.6833333333333333,100,8.294460510908763
0.6833333333333333,102,7.278833531210466
0.6833333333333333,104,6.354554598941718
0.6833333333333333,106,5.519306158912357
0.6833333333333333,108,4.769717957199738
0.6833333333333333,110,4.1015507738823445
0.6833333333333333,112,3.5098912888465144
0.6833333333333333,114,2.9893466500723456
0.6833333333333333,116,2.53422934884847
0.6833333333333333,118,2.1387253089174436
0.6833333333333333,120,1.7970404156554345
0.6833333333333333,122,1.5035228571974741
0.6833333333333333,124,1.252760496047559
0.6833333333333333,126,1.0396539700956122
0.6833333333333333,128,0.8594673178411512
0.6833333333333333,130,0.7078586523972188
0.7076923076923077,70,32.47980886382322
0.7076923076923077,72,30.57908230746564
0.7076923076923077,74,28.693090197055753
0.7076923076923077,76,26.82691512713224
0.7076923076923077,78,24.986524357430767
0.7076923076923077,80,23.178664871564536
0.7076923076923077,82,21.4106899078279
0.7076923076923077,84,19.690326556909
0.7076923076923077,86,18.025400629053777
0.7076923076923077,88,16.423539480706324
0.7076923076923077,90,14.891875358862578
0.7076923076923077,92,13.436771029501415
0.7076923076923077,94,12.063586363896171
0.7076923076923077,96,10.77649980208178
0.7076923076923077,98,9.578392967393263
0.7076923076923077,100,8.470800933872262
0.7076923076923077,102,7.453925397852551
0.7076923076923077,104,6.5267037425683085
0.7076923076923077,106,5.686923970960358
0.7076923076923077,108,4.931373784061876
0.7076923076923077,110,4.256011609826778
0.7076923076923077,112,3.6561479399197587
0.7076923076923077,114,3.1266266500913815
0.7076923076923077,116,2.661997788049213
0.7076923076923077,118,2.2566753543531597
0.7076923076923077,120,1.9050756606929582
0.7076923076923077,122,1.6017337618870222
0.7076923076923077,124,1.3413971133240583
0.7076923076923077,126,1.1190969446030152
0.7076923076923077,128,0.930198844773086
0.7076923076923077,130,0.7704347383758492
0.7320512820512821,70,32.5674365968689
0.7320512820512821,72,30.671489371116564
0.7320512820512821,74,28.790948043381377
0.7320512820512821,76,26.93091998040815
0.7320512820512821,78,25.09734469675199
0.7320512820512821,80,23.296881075351337
0.7320512820512821,82,21.536731964600136
0.7320512820512821,84,19.824416406950462
0.7320512820512821,86,18.16750540961121
0.7320512820512821,88,16.57334078227821
0.7320512820512821,90,15.048757788070048
0.7320512820512821,92,13.599831227914308
0.7320512820512821,94,12.231661483468564
0.7320512820512821,96,10.948212576407926
0.7320512820512821,98,9.75220915075765
0.7320512820512821,100,8.6450941124765
0.7320512820512821,102,7.6270440162290996
0.7320512820512821,104,6.697035559047201
0.7320512820512821,106,5.852953931566205
0.7320512820512821,108,5.091732332103973
0.7320512820512821,110,4.409511577319115
0.7320512820512821,112,3.8018092654912223
0.7320512820512821,114,3.2636891364613483
0.7320512820512821,116,2.7899228866183456
0.7320512820512821,118,2.3751385156346316
0.7320512820512821,120,2.013951116929963
0.7320512820512821,122,1.7010737336858277
0.7320512820512821,124,1.4314073906471414
0.7320512820512821,126,1.2001106256897422
0.7320512820512821,128,1.0026497667551464
0.7320512820512821,130,0.8348318391428347
0.7564102564102565,70,32.65523216827734
0.7564102564102565,72,30.764090201631973
0.7564102564102565,74,28.889000144976407
0.7564102564102565,76,27.035083770403816
0.7564102564102565,78,25.208244457397925
0.7564102564102565,80,23.415048190501253
0.7564102564102565,82,21.662547460374626
0.7564102564102565,84,19.958058746877683
0.7564102564102565,86,18.30890907900057
0.7564102564102565,88,16.722170040164528
0.7564102564102565,90,15.204398284068347
0.7564102564102565,92,13.761400255123618
0.7564102564102565,94,12.39803575210503
0.7564102564102565,96,11.118070788030607
0.7564102564102565,98,9.924085496840135
0.7564102564102565,100,8.817438193333011
0.7564102564102565,102,7.798282573695872
0.7564102564102565,104,6.865631769501583
0.7564102564102565,106,6.01746070251194
0.7564102564102565,108,5.250836954469982
0.7564102564102565,110,4.562070077769093
0.7564102564102565,112,3.946869767045115
0.7564102564102565,114,3.400504387111738
0.7564102564102565,116,2.9179528001638566
0.7564102564102565,118,2.4940440613640256
0.7564102564102565,120,2.123581194239531
0.7564102564102565,122,1.8014467916718893
0.7564102564102565,124,1.5226895304254278
0.7564102564102565,126,1.2825917896526668
0.7564102564102565,128,1.07671941001637
0.7564102564102565,130,0.9009552270999261
0.7807692307692308,70,32.743185176599795
0.7807692307692308,72,30.85686819937834
0.7807692307692308,74,28.987223738597763
0.7807692307692308,76,27.1393787444392
0.7807692307692308,78,25.319193301106793
0.7807692307692308,80,23.533136794871552
0.7807692307692308,82,21.788112135979446
0.7807692307692308,84,20.091238947272245
0.7807692307692308,86,18.449610711219137
0.7807692307692308,88,16.870043113641458
0.7807692307692308,90,15.358831095449261
0.7807692307692308,92,13.921530577492504
0.7807692307692308,94,12.562777838090106
0.7807692307692308,96,11.28615560917767
0.7807692307692308,98,10.094110661514634
0.7807692307692308,100,8.987923471837703
0.7807692307692308,102,7.967726902195615
0.7807692307692308,104,7.032567939179565
0.7807692307692308,106,6.180504568013944
0.7807692307692308,108,5.408728802624459
0.7807692307692308,110,4.713706673265335
0.7807692307692308,112,4.091326441285396
0.7807692307692308,114,3.5370472879335573
0.7807692307692308,116,3.0460420272935735
0.7807692307692308,118,2.6133288534789116
0.7807692307692308,120,2.2338886072005373
0.7807692307692308,122,1.9027654281998139
0.7807692307692308,124,1.6151498736895284
0.7807692307692308,126,1.3664445864748096
0.7807692307692308,128,1.1523133741756872
0.7807692307692308,130,0.9687151179747833
0.8051282051282052,70,32.83128501315065
0.8051282051282052,72,30.949807096321948
0.8051282051282052,74,29.085597109676243
0.8051282051282052,76,27.243778990454686
0.8051282051282052,78,25.43016344865555
0.8051282051282052,80,23.651120504140323
0.8051282051282052,82,21.91340486013742
0.8051282051282052,84,20.223945109662367
0.8051282051282052,86,18.589611204274718
0.8051282051282052,88,17.016976331283587
0.8051282051282052,90,15.512089278188057
0.8051282051282052,92,14.080271697086033
0.8051282051282052,94,12.725951787033217
0.8051282051282052,96,11.452542258560598
0.8051282051282052,98,10.262366517918998
0.8051282051282052,100,9.156633243924723
0.8051282051282052,102,8.135456265728237
0.8051282051282052,104,7.1979141056222105
0.8051282051282052,106,6.342141828879534
0.8051282051282052,108,5.56544694080317
0.8051282051282052,110,4.864440908556787
0.8051282051282052,112,4.235178328980389
0.8051282051282052,114,3.6732966550838704
0.8051282051282052,116,3.174150571633941
0.8051282051282052,118,2.732936425918435
0.8051282051282052,120,2.3448034490115752
0.8051282051282052,122,2.004949750379982
0.8051282051282052,124,1.7087021690367976
0.8051282051282052,126,1.4515799797771116
0.8051282051282052,128,1.229343168675138
0.8051282051282052,130,1.0380265114396288
0.8294871794871795,70,32.91952096965812
0.8294871794871795,72,31.042891032547786
0.8294871794871795,74,29.18409960094118
0.8294871794871795,76,27.34826034723268
0.8294871794871795,78,25.541129477662054
0.8294871794871795,80,23.76897566706326
0.8294871794871795,82,22.038407258068986
0.8294871794871795,84,20.35616768623194
0.8294871794871795,86,18.728912960910037
0.8294871794871795,88,17.16298630163361
0.8294871794871795,90,15.664204690638229
0.8294871794871795,92,14.237670359773254
0.8294871794871795,94,12.887617439983437
0.8294871794871795,96,11.617300594083098
0.8294871794871795,98,10.428928861190094
0.8294871794871795,100,9.323644542610062
0.8294871794871795,102,8.301544042683929
0.8294871794871795,104,7.361735326997689
0.8294871794871795,106,6.502425153569774
0.8294871794871795,108,5.721028460210135
0.8294871794871795,110,5.014292175822504
0.8294871794871795,112,4.378426144330511
0.8294871794871795,114,3.809234665884844
0.8294871794871795,116,3.3022432281268834
0.8294871794871795,118,2.8528161899360356
0.8294871794871795,120,2.456262381861947
0.8294871794871795,122,2.1079267173849594
0.8294871794871795,124,1.803266909356882
0.8294871794871795,126,1.5379152225304367
0.8294871794871795,128,1.3077258523836086
0.8294871794871795,130,1.1088090047421488
0.8538461538461539,70,33.00788232772088
0.8538461538461539,72,31.1361046131791
0.8538461538461539,74,29.2827116061067
0.8538461538461539,76,27.4528003109735
0.8538461538461539,78,25.65206813320404
0.8538461538461539,80,23.886681091811923
0.8538461538461539,82,22.163103386722042
0.8538461538461539,84,20.48789915447894
0.8538461538461539,86,18.86751962211534
0.8538461538461539,88,17.308089762922805
0.8538461538461539,90,15.815208003711362
0.8538461538461539,92,14.393770748246247
0.8538461538461539,94,13.04783080499876
0.8538461538461539,96,11.78049563194449
0.8538461538461539,98,10.593868021794833
0.8538461538461539,100,9.489028777815292
0.8538461538461539,102,8.466058319698789
0.8538461538461539,104,7.524092162626097
0.8538461538461539,106,6.661403891549533
0.8538461538461539,108,5.87550859079137
0.8538461538461539,110,5.163279612786816
0.8538461538461539,112,4.521071969479259
0.8538461538461539,114,3.9448463791082737
0.8538461538461539,116,3.4302889730674906
0.8538461538461539,118,2.972922746700352
0.8538461538461539,120,2.568207927752809
0.8538461538461539,122,2.2116294625164308
0.8538461538461539,124,1.8987707310871045
0.8538461538461539,126,1.6253733692333938
0.8538461538461539,128,1.3873836825184753
0.8538461538461539,130,1.180986589913502
0.8782051282051283,70,33.09635843251958
0.8782051282051283,72,31.22943294923806
0.8782051282051283,74,29.38141455235403
0.8782051282051283,76,27.55737794087385
0.8782051282051283,78,25.762958151535855
0.8782051282051283,80,24.004217800465085
0.8782051282051283,82,22.287479450448643
0.8782051282051283,84,20.619133738283594
0.8782051282051283,86,19.005435844221992
0.8782051282051283,88,17.452303464084437
0.8782051282051283,90,15.965128721961733
0.8782051282051283,92,14.548614660591959
0.8782051282051283,94,13.206644388211458
0.8782051282051283,96,11.942188002986754
0.8782051282051283,98,10.757249401539688
0.8782051282051283,100,9.652852294554279
0.8782051282051283,102,8.629062410660147
0.8782051282051283,104,7.685041095642546
0.8782051282051283,106,6.819124353579205
0.8782051282051283,108,6.028920809183994
0.8782051282051283,110,5.311422026883001
0.8782051282051283,112,4.663119001969797
0.8782051282051283,114,4.080119329164063
0.8782051282051283,116,3.558260441075653
0.8782051282051283,118,3.093215291049468
0.8782051282051283,120,2.6805878460769996
0.8782051282051283,122,2.3159966901306284
0.8782051282051283,124,1.995145870686482
0.8782051282051283,126,1.7138828240662356
0.8782051282051283,128,1.4682437769200387
0.8782051282051283,130,1.2544874423905537
0.9025641025641026,70,33.184938752980145
0.9025641025641026,72,31.322861685421188
0.9025641025641026,74,29.480190874572884
0.9025641025641026,76,27.661973765616835
0.9025641025641026,78,25.87378009676536
0.9025641025641026,80,24.121568808879346
0.9025641025641026,82,22.411523551782395
0.9025641025641026,84,20.74986716826919
0.9025641025641026,86,19.14266711209467
0.9025641025641026,88,17.595644070910026
0.9025641025641026,90,16.11399521235036
0.9025641025641026,92,14.702241675216108
0.9025641025641026,94,13.36410748955253
0.9025641025641026,96,12.102434355296843
0.9025641025641026,98,10.919133943846134
0.9025641025641026,100,9.815176861862028
0.9025641025641026,102,8.790615312076447
0.9025641025641026,104,7.8446349060709295
0.9025641025641026,106,6.975630062974666
0.9025641025641026,108,6.181296941979781
0.9025641025641026,110,5.458737839799291
0.9025641025641026,112,4.804571345419276
0.9025641025641026,114,4.215043181653051
0.9025641025641026,116,3.6861334751893793
0.9025641025641026,118,3.213657092913838
0.9025641025641026,120,2.7933545862492366
0.9025641025641026,122,2.420972138624613
0.9025641025641026,124,2.092329673164354
0.9025641025641026,126,1.8033769237643682
0.9025641025641026,128,1.5502377921810222
0.9025641025641026,130,1.3292437068104448
0.926923076923077,70,33.27361293033607
0.926923076923077,72,31.4163770172744
0.926923076923077,74,29.57902398370227
0.926923076923077,76,27.766569692117415
0.926923076923077,78,25.9845162100777
0.926923076923077,80,24.23871892935746
0.926923076923077,82,22.5352254726983
0.926923076923077,84,20.880096475510868
0.926923076923077,86,19.27921958231694
0.926923076923077,88,17.738128092452854
0.926923076923077,90,16.26183473825658
0.926923076923077,92,14.854689302996867
0.926923076923077,94,13.520266467556418
0.926923076923077,96,12.26128771058957
0.926923076923077,98,11.079578547882512
0.926923076923077,100,9.976060102686496
0.926923076923077,102,8.950772104093033
0.926923076923077,104,8.002923001221966
0.926923076923077,106,7.130961981321285
0.926923076923077,108,6.332667263821186
0.926923076923077,110,5.605245047987431
0.926923076923077,112,4.945433835613372
0.926923076923077,114,4.3496094400787655
0.926923076923077,116,3.8138867386842925
0.926923076923077,118,3.334215045107495
0.926923076923077,120,2.906464805369037
0.926923076923077,122,2.526504101706461
0.926923076923077,124,2.1902641477683176
0.926923076923077,126,1.8937935534880062
0.926923076923077,128,1.6333016190284972
0.926923076923077,130,1.4051912841536165
0.9512820512820513,70,33.36237081680245
0.9512820512820513,72,31.50996569983809
0.9512820512820513,74,29.67789823101174
0.9512820512820513,76,27.871148917444685
0.9512820512820513,78,26.095150270919873
0.9512820512820513,80,24.35565459374598
0.9512820512820513,82,22.65857648237018
0.9512820512820513,84,21.009819813614726
0.9512820512820513,86,19.415099951371374
0.9512820512820513,88,17.879771823766518
0.9512820512820513,90,16.40867349690683
0.9512820512820513,92,15.005993127572658
0.9512820512820513,94,13.67516497704463
0.9512820512820513,96,12.41879778068325
0.9512820512820513,98,11.23863643453187
0.9512820512820513,100,10.135555873227744
0.9512820512820513,102,9.10958430487721
0.9512820512820513,104,8.159951709220735
0.9512820512820513,106,7.285158711663875
0.9512820512820513,108,6.483060590111869
0.9512820512820513,110,5.75096119567376
0.9512820512820513,112,5.085711895739742
0.9512820512820513,114,4.483811195373761
0.9512820512820513,116,3.941501379180103
0.9512820512820513,118,3.4548592679912886
0.9512820512820513,120,3.019878942338824
0.9512820512820513,122,2.6325450010971707
0.9512820512820513,124,2.288895566269158
0.9512820512820513,126,1.9850747937041717
0.9512820512820513,128,1.7173750955685456
0.9512820512820513,130,1.4822696232105539
0.9756410256410257,70,33.45120250585562
0.9756410256410257,72,31.603615049479018
0.9756410256410257,74,29.77679886976233
0.9756410256410257,76,27.975695844521653
0.9756410256410257,78,26.205667469460053
0.9756410256410257,80,24.472363694808365
0.9756410256410257,82,22.78156916798659
0.9756410256410257,84,21.139036304989276
0.9756410256410257,86,19.550315344706007
0.9756410256410257,88,18.020591301840213
0.9756410256410257,90,16.554536658845066
0.9756410256410257,92,15.156186934657612
0.9756410256410257,94,13.828844182956857
0.9756410256410257,96,12.57501124938856
0.9756410256410257,98,11.39635747086816
0.9756410256410257,100,10.293714598804485
0.9756410256410257,102,9.26710018483189
0.9756410256410257,104,8.315764540560629
0.9756410256410257,106,7.43825668179548
0.9756410256410257,108,6.632504364305142
0.9756410256410257,110,5.895903357653339
0.9756410256410257,112,5.225411415677833
0.9756410256410257,114,4.617642911389069
0.9756410256410257,116,4.0689607371857015
0.9756410256410257,118,3.57556276300485
0.9756410256410257,120,3.1335608410838383
0.9756410256410257,122,2.73905100464016
0.9756410256410257,124,2.3881740996426544
0.9756410256410257,126,2.077166595981126
0.9756410256410257,128,1.8024017384482853
0.9756410256410257,130,1.5604215184381562
1.0,70,33.54009835541592
1.0,72,31.697312940330264
1.0,74,29.87571201536558
1.0,76,28.0801960019661
1.0,78,26.316054289586205
1.0,80,24.58883544392775
1.0,82,22.90419728565753
1.0,84,21.267745907794122
1.0,86,19.68487322329939
1.0,88,18.160602272205793
1.0,90,16.699448408416004
1.0,92,15.30530283124773
1.0,94,13.98134295315215
1.0,96,12.729972024313973
1.0,98,11.552788458748985
1.0,100,10.450583572185565
1.0,102,9.423365046065136
1.0,104,8.470402421831132
1.0,106,7.590290309925564
1.0,108,6.7810247398570525
1.0,110,6.040088129724239
1.0,112,5.364538651213927
1.0,114,4.751100240696324
1.0,116,4.196250092534125
1.0,118,3.696301108304155
1.0,120,3.2474774165608125
1.0,122,2.845981684529807
1.0,124,2.4880534893141046
1.0,126,2.170018485574232
1.0,128,1.8883284916078509
1.0,130,1.6395929155861175
